{"accuracy": 10.083333333333334, "loss": 2.5067011222149986, "_runtime": 8, "_timestamp": 1616585921, "_step": 0}