{"accuracy": 10.266666666666666, "loss": 2.7063698079484593, "_runtime": 7, "_timestamp": 1616590301, "_step": 0}