{"accuracy": 9.833333333333334, "loss": 2.5916450590050446, "_runtime": 7, "_timestamp": 1616591566, "_step": 0}