{"accuracy": 9.733333333333333, "loss": 2.641953477062226, "_runtime": 7, "_timestamp": 1616586772, "_step": 0}