{"accuracy": 9.833333333333334, "loss": 2.831622816407979, "_runtime": 8, "_timestamp": 1616586068, "_step": 0}