{"accuracy": 10.166666666666666, "loss": 2.52569969871736, "_runtime": 8, "_timestamp": 1616590286, "_step": 0}