{"accuracy": 10.716666666666667, "loss": 2.300121632530734, "_runtime": 7, "_timestamp": 1616591214, "_step": 0}