{"accuracy": 10.116666666666667, "loss": 2.501136494650848, "_runtime": 7, "_timestamp": 1616587058, "_step": 0}