{"accuracy": 10.383333333333333, "loss": 2.21895950251863, "_runtime": 7, "_timestamp": 1616587236, "_step": 0}