{"accuracy": 10.166666666666666, "loss": 2.34212441877796, "_runtime": 7, "_timestamp": 1616590833, "_step": 0}