{"accuracy": 9.733333333333333, "loss": 2.381596285020323, "_runtime": 8, "_timestamp": 1616591334, "_step": 0}