{"accuracy": 10.716666666666667, "loss": 2.249916755445701, "_runtime": 8, "_timestamp": 1616586557, "_step": 0}