{"accuracy": 9.833333333333334, "loss": 2.611547520566373, "_runtime": 8, "_timestamp": 1616591453, "_step": 0}