{"accuracy": 10.516666666666666, "loss": 2.2722638030208993, "_runtime": 7, "_timestamp": 1616587074, "_step": 0}