{"accuracy": 10.033333333333333, "loss": 2.948814322232351, "_runtime": 8, "_timestamp": 1616586282, "_step": 0}