{"accuracy": 10.216666666666667, "loss": 2.821234906293947, "_runtime": 7, "_timestamp": 1616586891, "_step": 0}