{"accuracy": 10.616666666666667, "loss": 2.427956925251091, "_runtime": 7, "_timestamp": 1616591301, "_step": 0}