{"accuracy": 9.433333333333334, "loss": 2.0354476725155, "_runtime": 7, "_timestamp": 1616587355, "_step": 0}