{"accuracy": 10.166666666666666, "loss": 2.21856402000357, "_runtime": 8, "_timestamp": 1616586046, "_step": 0}