{"accuracy": 9.916666666666666, "loss": 2.428902831818074, "_runtime": 7, "_timestamp": 1616587252, "_step": 0}