{"accuracy": 10.116666666666667, "loss": 2.4091024578628204, "_runtime": 7, "_timestamp": 1616590612, "_step": 0}