{"accuracy": 10.666666666666666, "loss": 2.732472808368841, "_runtime": 9, "_timestamp": 1616586450, "_step": 0}