{"accuracy": 9.866666666666667, "loss": 2.2011265743291024, "_runtime": 8, "_timestamp": 1616587388, "_step": 0}