{"accuracy": 10.366666666666667, "loss": 2.326069160471475, "_runtime": 7, "_timestamp": 1616591181, "_step": 0}