{"accuracy": 10.166666666666666, "loss": 2.57443110877462, "_runtime": 7, "_timestamp": 1616591317, "_step": 0}