{"accuracy": 10.283333333333333, "loss": 2.438608547567593, "_runtime": 7, "_timestamp": 1616591436, "_step": 0}