{"accuracy": 9.833333333333334, "loss": 2.1849176747549457, "_runtime": 8, "_timestamp": 1616586942, "_step": 0}