{"accuracy": 10.716666666666667, "loss": 2.5085665160413875, "_runtime": 7, "_timestamp": 1616591067, "_step": 0}