{"accuracy": 10.283333333333333, "loss": 3.6331697665950125, "_runtime": 8, "_timestamp": 1616586816, "_step": 0}