{"accuracy": 10.116666666666667, "loss": 2.5140454538987416, "_runtime": 8, "_timestamp": 1616585937, "_step": 0}