{"accuracy": 10.716666666666667, "loss": 2.967500772117296, "_runtime": 8, "_timestamp": 1616586574, "_step": 0}