{"accuracy": 9.833333333333334, "loss": 2.3615016991214897, "_runtime": 7, "_timestamp": 1616590986, "_step": 0}