{"accuracy": 9.716666666666667, "loss": 2.2747081213066935, "_runtime": 7, "_timestamp": 1616590507, "_step": 0}