{"accuracy": 9.983333333333333, "loss": 2.3046549159517222, "_runtime": 7, "_timestamp": 1616585758, "_step": 0}