{"accuracy": 10.133333333333333, "loss": 2.139760621940729, "_runtime": 7, "_timestamp": 1616586535, "_step": 0}