{"accuracy": 9.683333333333334, "loss": 2.4708029260795694, "_runtime": 7, "_timestamp": 1616586303, "_step": 0}