{"accuracy": 9.783333333333333, "loss": 2.3228435602988755, "_runtime": 8, "_timestamp": 1616590764, "_step": 0}