{"accuracy": 10.133333333333333, "loss": 2.282498614267075, "_runtime": 7, "_timestamp": 1616590953, "_step": 0}