{"accuracy": 9.983333333333333, "loss": 2.22854855339589, "_runtime": 7, "_timestamp": 1616590866, "_step": 0}