{"accuracy": 10.083333333333334, "loss": 2.208091264428174, "_runtime": 8, "_timestamp": 1616587269, "_step": 0}