{"accuracy": 9.833333333333334, "loss": 2.094699703557866, "_runtime": 7, "_timestamp": 1616586137, "_step": 0}