{"accuracy": 10.066666666666666, "loss": 2.0115213735947997, "_runtime": 7, "_timestamp": 1616590628, "_step": 0}