{"accuracy": 9.483333333333333, "loss": 2.4607030682061137, "_runtime": 7, "_timestamp": 1616586427, "_step": 0}