{"accuracy": 11.216666666666667, "loss": 2.385827448424771, "_runtime": 6, "_timestamp": 1616587041, "_step": 0}