{"accuracy": 9.733333333333333, "loss": 2.624559791442665, "_runtime": 7, "_timestamp": 1616585899, "_step": 0}