{"accuracy": 10.033333333333333, "loss": 2.5152756852142515, "_runtime": 7, "_timestamp": 1616591083, "_step": 0}