{"accuracy": 9.833333333333334, "loss": 2.349991021917254, "_runtime": 7, "_timestamp": 1616591100, "_step": 0}