{"accuracy": 10.033333333333333, "loss": 2.7675604368207773, "_runtime": 28, "_timestamp": 1616586201, "_step": 0}