{"accuracy": 9.733333333333333, "loss": 2.3481796737145517, "_runtime": 8, "_timestamp": 1616586159, "_step": 0}