{"accuracy": 9.333333333333334, "loss": 1.9120344566614413, "_runtime": 7, "_timestamp": 1616591419, "_step": 0}