{"accuracy": 10.283333333333333, "loss": 2.356779780382294, "_runtime": 7, "_timestamp": 1616590969, "_step": 0}